INSERT INTO Klienci (nazwa, NIP, adres, telefon, email) 
VALUES
	('Jan Kowalski', 'X', 'ul. Warszawska 1, Warszawa', '123-456-789', 'jan.kowalski@email.pl'),
	('Anna Nowak', 'X', 'ul. Krakowska 2, Kraków', '987-654-321', 'anna.nowak@email.pl'),
	('Piotr Zieliński', 'X', 'ul. Gdańska 3, Gdańsk', '555-666-777', 'piotr.zielinski@email.pl'),
	('Maria Wiśniewska', 'X', 'ul. Poznańska 4, Poznań', '444-555-666', 'maria.wisniewska@email.pl'),
	('Krzysztof Nowakowski', 'X', 'ul. Wrocławska 5, Wrocław', '777-888-999', 'krzysztof.nowakowski@email.pl'),
	('Magdalena Kamińska', 'X', 'ul. Łódzka 6, Łódź', '333-444-555', 'magdalena.kaminska@email.pl'),
	('Andrzej Lewandowski', 'X', 'ul. Sienkiewicza 7, Kielce', '222-333-444', 'andrzej.lewandowski@email.pl'),
	('Ewa Wójcik', 'X', 'ul. Piotrkowska 8, Piotrków Trybunalski', '888-999-000', 'ewa.wojcik@email.pl'),
	('Tomasz Kowalczyk', 'X', 'ul. Żernickiej 9, Wrocław', '999-000-111', 'tomasz.kowalczyk@email.pl'),
	('Joanna Jankowska', 'X', 'ul. Mickiewicza 10, Olsztyn', '666-777-888', 'joanna.jankowska@email.pl'),
	('AlphaTech', '1234567890', 'ul. Nowa 1, Warszawa', '123-222-333', 'kontakt@alphatech.pl'),
	('BetaConsulting', '0987654321', 'ul. Stare Miasto 2, Kraków', '987-654-321', 'kontakt@betaconsulting.pl'),
	('GammaTrade', '1122334455', 'ul. Polna 3, Wrocław', '555-444-333', 'kontakt@gammatrade.pl'),
	('DeltaLogistics', '6677889900', 'ul. Gorzysława 4, Poznań', '444-555-666', 'kontakt@deltalogistics.pl'),
	('EpsilonTech', '2233445566', 'ul. Pilsudskiego 5, Gdańsk', '777-666-555', 'kontakt@epsilontech.pl'),
	('ZetaIndustries', '8899001122', 'ul. Żernickiej 6, Wrocław', '333-444-555', 'kontakt@zetindustries.pl'),
	('EtaSolutions', '3344556677', 'ul. Nowoczesna 7, Łódź', '222-333-444', 'kontakt@etasolutions.pl'),
	('ThetaSystems', '5566778899', 'ul. Wrocławska 8, Poznań', '888-999-000', 'kontakt@thetasystems.pl'),
	('IotaEnergy', '7788990011', 'ul. Piotrkowska 9, Łódź', '999-000-111', 'kontakt@iotaenergy.pl'),
	('KappaElectronics', '4455667788', 'ul. Władysława 10, Warszawa', '666-777-888', 'kontakt@kappaelectronics.pl'),
	('Tomasz Smoleński', 'X', 'ul. Słowiańska 11, Poznań', '112-233-445', 'tomasz.smoli@email.pl'),
	('Karolina Dąbrowska', 'X', 'ul. Czerwona 12, Warszawa', '334-455-667', 'karolina.dabrowska@email.pl'),
	('Sebastian Nowicki', 'X', 'ul. Sienna 13, Wrocław', '555-666-777', 'sebastian.nowicki@email.pl'),
	('Joanna Malinowska', 'X', 'ul. Białystok 14, Kraków', '777-888-999', 'joanna.malinowska@email.pl'),
	('Damian Mazur', 'X', 'ul. Ogrodowa 15, Łódź', '999-000-111', 'damian.mazur@email.pl');


INSERT INTO Dostawcy (nazwa, NIP, adres, telefon, email) 
VALUES
	('LogisticX', '1234567890', 'ul. Słoneczna 12, Warszawa', '123-321-432', 'kontakt@logisticx.pl'),
	('Global Supply Ltd.', '0987654321', 'ul. Główna 21, Kraków', '987-654-321', 'info@globalsupply.pl'),
	('TechnoParts', '1122334455', 'ul. Nowoczesna 5, Wrocław', '555-666-777', 'sales@technoparts.pl'),
	('EcoEnergy Solutions', '6677889900', 'ul. Ekologiczna 3, Poznań', '444-555-666', 'support@ecoenergy.pl'),
	('AutoParts Inc.', '2233445566', 'ul. Stalowa 8, Gdańsk', '777-888-999', 'contact@autoparts.pl'),
	('MediSupply', '8899001122', 'ul. Zdrowia 6, Łódź', '333-444-555', 'contact@medisupply.pl'),
	('GreenTech Supplies', '3344556677', 'ul. Zielona 10, Kielce', '222-333-444', 'contact@greentech.pl'),
	('FurniStyle', '5566778899', 'ul. Meblowa 7, Warszawa', '888-999-000', 'info@furnistyle.pl'),
	('SmartElectronics', '7788990011', 'ul. Elektronów 15, Wrocław', '999-000-111', 'info@smartelectronics.pl'),
	('FoodConnect', '4455667788', 'ul. Rolna 4, Poznań', '666-777-888', 'info@foodconnect.pl');
    

INSERT INTO Produkty (nazwa, opis, cena_netto, stawka_VAT, ID_Dostawcy) 
VALUES
	('Laptop ProTech X15', 'Wydajny laptop do pracy i rozrywki z procesorem Intel i5, 16 GB RAM i dyskiem SSD 512 GB.', 3500.00, 23.00, 1),
	('Smartphone Galaxy Z', 'Nowoczesny smartfon z ekranem 6,5 cala, 128 GB pamięci i aparatem 48 MP.', 1500.00, 23.00, 2),
	('Bezprzewodowe słuchawki AudioMax', 'Słuchawki bluetooth z aktywną redukcją szumów, idealne do pracy i podróży.', 450.00, 23.00, 3),
	('Opona Continental Sport 225/40 R18', 'Wysokiej jakości opona letnia, idealna do samochodów sportowych i luksusowych.', 350.00, 23.00, 4),
	('Filtr powietrza Bosch', 'Filtr powietrza do silników benzynowych i diesla, zapewniający optymalną filtrację.', 90.00, 23.00, 5),
	('Drukarka Laserowa HP LaserJet Pro', 'Szybka i ekonomiczna drukarka laserowa, idealna do biura.', 1200.00, 23.00, 6),
	('Krzesło biurowe Ergonomico', 'Wygodne krzesło biurowe z regulowaną wysokością i podłokietnikami, zapewniające komfort przez cały dzień pracy.', 350.00, 23.00, 7),
	('Smartwatch FitPro', 'Zaawansowany smartwatch z funkcją monitorowania zdrowia, fitnessu i powiadomień.', 600.00, 23.00, 8),
	('Kamera samochodowa DriveCam Pro', 'Kamera samochodowa Full HD z funkcją detekcji ruchu, idealna do rejestracji jazdy.', 250.00, 23.00, 9),
	('Mysz komputerowa LogiTech MX', 'Ergonomiczna mysz bezprzewodowa z funkcją dostosowania do kształtu dłoni, idealna do długotrwałej pracy.', 120.00, 23.00, 10),
	('Laptop UltraBook Z-15', 'Lekki i ultracienki laptop z procesorem Intel i7 i 512 GB SSD, idealny do podróży.', 4500.00, 23.00, 1),
	('Tablet Apple iPad Pro', 'Tablet Apple z ekranem Retina 12,9 cala, 128 GB pamięci i procesorem A12X Bionic.', 4000.00, 23.00, 2),
	('Smartfon OnePlus 9 Pro', 'Smartfon z ekranem AMOLED 6,7 cala, 256 GB pamięci i 120 Hz odświeżaniem.', 3200.00, 23.00, 3),
	('Opona Michelin Pilot Sport 205/55 R16', 'Opona letnia do samochodów średniej klasy, zapewniająca wysoką przyczepność.', 420.00, 23.00, 4),
	('Zestaw narzędzi Bosch Professional', 'Zestaw narzędzi w walizce, idealny do użytku profesjonalnego i domowego.', 850.00, 23.00, 5),
	('Kalkulator biurowy Casio HR-8TM', 'Prosty kalkulator biurowy z funkcją mnożenia i dzielenia.', 60.00, 23.00, 6),
	('Fotel gamingowy GX Racer', 'Fotel gamingowy z regulowanym oparciem, podłokietnikami i wygodnym siedziskiem.', 800.00, 23.00, 7),
	('Mikrofon USB Blue Yeti', 'Profesjonalny mikrofon do nagrywania i streamingu, idealny dla twórców.', 500.00, 23.00, 8),
	('Wideorejestrator Garmin Dash Cam', 'Kamera samochodowa z detekcją ruchu i GPS, nagrywająca w jakości 4K.', 900.00, 23.00, 9),
	('Kabel HDMI 4K', 'Kabel HDMI do przesyłania obrazu w jakości 4K, idealny do telewizorów i monitorów.', 80.00, 23.00, 10),
	('Monitor LED 27" Samsung', 'Monitor o przekątnej 27 cali, 144Hz, z matową powłoką, idealny do pracy i gier.', 1600.00, 23.00, 1),
	('Laptop Dell Inspiron 14', 'Laptop 14-calowy z procesorem Intel i5, 8 GB RAM i dyskiem SSD 256 GB.', 2700.00, 23.00, 2),
	('Słuchawki Sony WH-1000XM4', 'Słuchawki z aktywną redukcją szumów, 30 godzin pracy na baterii.', 1200.00, 23.00, 3),
	('Opona Goodyear Eagle F1 225/50 R17', 'Opona letnia zapewniająca doskonałą przyczepność i komfort jazdy.', 380.00, 23.00, 4),
	('Kamera IP TP-Link Tapo C200', 'Kamera do monitoringu z funkcją wykrywania ruchu i podglądem przez aplikację mobilną.', 150.00, 23.00, 5),
	('Podstawka chłodząca do laptopa', 'Podstawka chłodząca z wentylatorem, poprawiająca wydajność laptopa podczas intensywnej pracy.', 90.00, 23.00, 6),
	('Podstawka pod monitor VIVO', 'Ergonomiczna podstawka pod monitor, poprawiająca komfort pracy.', 250.00, 23.00, 7),
	('Smartband Xiaomi Mi Band 6', 'Smartband z monitorowaniem tętna, snu oraz powiadomieniami o aktywności.', 150.00, 23.00, 8),
	('Wideorejestrator Mio MiVue 798', 'Kamera samochodowa Full HD, nagrywająca w jakości 1440p, z funkcją GPS i WiFi.', 400.00, 23.00, 9),
	('Powerbank Anker PowerCore 10000', 'Lekki powerbank z pojemnością 10000 mAh, idealny do ładowania urządzeń mobilnych.', 120.00, 23.00, 10),
	('Tablet Samsung Galaxy Tab S7', 'Tablet 11" z ekranem Super AMOLED, 128 GB pamięci, idealny do pracy i rozrywki.', 3000.00, 23.00, 1),
	('Opona Bridgestone Turanza 205/60 R16', 'Opona letnia zapewniająca wygodną jazdę i oszczędność paliwa.', 370.00, 23.00, 2),
	('Kamera sportowa GoPro Hero 9', 'Kamera sportowa 4K z funkcją stabilizacji obrazu, idealna do nagrywania aktywności.', 1600.00, 23.00, 3),
	('Stacja robocza Lenovo ThinkPad P1', 'Stacja robocza z procesorem Intel Xeon, 32 GB RAM i dyskiem SSD 1 TB.', 8000.00, 23.00, 4),
	('Kamera IP TP-Link Tapo C310', 'Wodoodporna kamera IP z funkcją wykrywania ruchu, do użytku wewnętrznego i zewnętrznego.', 250.00, 23.00, 5),
	('Drukarka atramentowa Canon PIXMA', 'Ekonomiczna drukarka atramentowa do użytku domowego z funkcją WiFi.', 350.00, 23.00, 6),
	('Mysz komputerowa Razer DeathAdder Elite', 'Mysz gamingowa z czujnikiem 16 000 DPI, idealna do gier komputerowych.', 300.00, 23.00, 7),
	('Słuchawki Beats Studio 3 Wireless', 'Słuchawki z aktywną redukcją szumów, 22 godziny pracy na baterii.', 1100.00, 23.00, 8),
	('Drukarka laserowa Brother HL-L2350DW', 'Szybka drukarka laserowa, która obsługuje łączność WiFi i jest idealna do małego biura.', 550.00, 23.00, 9),
	('Mysz bezprzewodowa Logitech MX Master 3', 'Ergonomiczna mysz z funkcją śledzenia na różnych powierzchniach, idealna do pracy biurowej.', 450.00, 23.00, 10);


INSERT INTO Magazyn (ID_Produktu, ilosc_dostepna, lokalizacja)
VALUES
	(1, 100, 'A1'),
	(2, 200, 'A2'),
	(3, 150, 'A3'),
	(4, 75, 'A4'),
	(5, 120, 'A5'),
	(6, 90, 'A6'),
	(7, 80, 'A7'),
	(8, 110, 'A8'),
	(9, 95, 'A9'),
	(10, 60, 'A10'),
	(11, 130, 'B1'),
	(12, 200, 'B2'),
	(13, 160, 'B3'),
	(14, 50, 'B4'),
	(15, 170, 'B5'),
	(16, 130, 'B6'),
	(17, 110, 'B7'),
	(18, 85, 'B8'),
	(19, 100, 'B9'),
	(20, 90, 'B10'),
	(21, 140, 'C1'),
	(22, 180, 'C2'),
	(23, 150, 'C3'),
	(24, 70, 'C4'),
	(25, 160, 'C5'),
	(26, 120, 'C6'),
	(27, 100, 'C7'),
	(28, 95, 'C8'),
	(29, 80, 'C9'),
	(30, 120, 'C10'),
	(31, 160, 'D1'),
	(32, 180, 'D2'),
	(33, 150, 'D3'),
	(34, 110, 'D4'),
	(35, 140, 'D5'),
	(36, 130, 'D6'),
	(37, 100, 'D7'),
	(38, 90, 'D8'),
	(39, 75, 'D9'),
	(40, 50, 'D10');


INSERT INTO Zamowienia (ID_Klienta, data_zamowienia, status_zamowienia)
VALUES
	(1, '2025-01-02', 'Nowe'),
	(2, '2025-01-03', 'W Realizacji'),
	(3, '2025-01-04', 'Zrealizowane'),
	(4, '2025-01-05', 'Nowe'),
	(5, '2025-01-06', 'W Realizacji'),
	(6, '2025-01-07', 'Zrealizowane'),
	(7, '2025-01-08', 'Nowe'),
	(8, '2025-01-09', 'W Realizacji'),
	(9, '2025-01-10', 'Zrealizowane'),
	(10, '2025-01-11', 'Nowe'),
	(11, '2025-01-12', 'W Realizacji'),
	(12, '2025-01-13', 'Zrealizowane'),
	(13, '2025-01-14', 'Nowe'),
	(14, '2025-01-15', 'W Realizacji'),
	(15, '2025-01-16', 'Zrealizowane'),
	(16, '2025-01-17', 'Nowe'),
	(17, '2025-01-18', 'W Realizacji'),
	(18, '2025-01-19', 'Zrealizowane'),
	(19, '2025-01-20', 'Nowe'),
	(20, '2025-01-21', 'W Realizacji'),
	(21, '2025-01-22', 'Zrealizowane'),
	(22, '2025-01-23', 'Nowe'),
	(23, '2025-01-24', 'W Realizacji'),
	(24, '2025-01-25', 'Zrealizowane'),
	(25, '2025-01-26', 'Nowe');


INSERT INTO Pozycje_Zamowienia (ID_Zamowienia, ID_Produktu, ilosc, cena) 
VALUES
	(1, 1, 2, 7000.00),
	(1, 3, 1, 450.00),
	(2, 5, 4, 360.00),
	(2, 6, 2, 2400.00),
	(3, 2, 1, 1500.00),
	(3, 4, 2, 700.00),
	(4, 7, 1, 350.00),
	(5, 9, 2, 500.00),
	(6, 10, 3, 360.00),
	(7, 1, 1, 3500.00),
	(8, 3, 2, 900.00),
	(9, 2, 3, 4500.00),
	(10, 6, 1, 1200.00),
	(11, 5, 5, 450.00),
	(12, 4, 1, 350.00),
	(13, 7, 3, 1050.00),
	(14, 9, 4, 1000.00),
	(15, 10, 2, 240.00),
	(16, 8, 1, 600.00),
	(17, 1, 2, 7000.00),
	(18, 3, 1, 450.00),
	(19, 4, 3, 1050.00),
	(20, 2, 1, 1500.00),
	(21, 6, 2, 2400.00),
	(22, 5, 4, 360.00),
	(23, 7, 2, 700.00),
	(24, 8, 1, 600.00),
	(25, 10, 3, 360.00);
    

INSERT INTO Pracownicy (imie, nazwisko, rola, data_zatrudnienia) 
VALUES
	('Jan', 'Kowalski', 'Kierownik', '2020-05-01'),
	('Anna', 'Nowak', 'Sprzedawca', '2021-06-15'),
	('Piotr', 'Wiśniewski', 'Magazynier', '2019-03-10'),
	('Maria', 'Wójcik', 'Księgowy', '2018-09-20'),
	('Krzysztof', 'Lewandowski', 'Specjalista ds. marketingu', '2022-01-30'),
	('Ewa', 'Zielińska', 'Administrator', '2021-08-05'),
	('Andrzej', 'Szymański', 'Pracownik biurowy', '2020-12-12'),
	('Katarzyna', 'Jankowska', 'Przedstawiciel handlowy', '2021-11-01'),
	('Michał', 'Dąbrowski', 'Magazynier', '2020-07-18'),
	('Agnieszka', 'Kaczmarek', 'Dyrektor HR', '2017-05-22');
